,accuracy,loss,val_accuracy,val_loss
0,0.2754901945590973,1.3826180696487427,0.40392157435417175,1.3314166069030762
1,0.38333332538604736,1.3283978700637817,0.32549020648002625,1.3509716987609863
2,0.3921568691730499,1.3080281019210815,0.45490196347236633,1.1849863529205322
3,0.4480392038822174,1.19594144821167,0.4941176474094391,1.1304935216903687
4,0.4676470458507538,1.1626628637313843,0.43529412150382996,1.1818329095840454
5,0.47156861424446106,1.1799529790878296,0.49803921580314636,1.1238293647766113
6,0.45588234066963196,1.1335651874542236,0.5254902243614197,1.0593204498291016
7,0.4833333194255829,1.0935425758361816,0.501960813999176,1.0275733470916748
8,0.4803921580314636,1.090065836906433,0.501960813999176,1.0287399291992188
9,0.48627451062202454,1.0708118677139282,0.529411792755127,0.9994587302207947
10,0.5029411911964417,1.0534974336624146,0.48235294222831726,1.0747559070587158
11,0.5245097875595093,1.0422499179840088,0.545098066329956,0.9845340251922607
12,0.5176470875740051,1.0412884950637817,0.501960813999176,0.9917508959770203
13,0.5274509787559509,1.036690354347229,0.5333333611488342,1.013462781906128
14,0.5235294103622437,1.0360687971115112,0.4941176474094391,1.0462496280670166
15,0.5245097875595093,1.0214312076568604,0.4901960790157318,1.0041197538375854
16,0.5196078419685364,1.0123634338378906,0.545098066329956,1.0027066469192505
17,0.5411764979362488,0.9941645860671997,0.49803921580314636,1.0056458711624146
18,0.5382353067398071,1.0481235980987549,0.5215686559677124,1.041266918182373
19,0.5264706015586853,1.0222902297973633,0.529411792755127,1.0171149969100952
20,0.5588235259056091,0.9891558885574341,0.4901960790157318,1.0224136114120483
21,0.5460784435272217,1.00578773021698,0.501960813999176,1.0290518999099731
22,0.522549033164978,1.0177570581436157,0.5098039507865906,1.0418179035186768
23,0.5666666626930237,0.9692610502243042,0.5607843399047852,0.9795992970466614
24,0.5411764979362488,0.998053789138794,0.4627451002597809,1.0649020671844482
25,0.5490196347236633,0.9849900007247925,0.5137255191802979,1.0015300512313843
26,0.5460784435272217,0.9857905507087708,0.5568627715110779,0.9841660857200623
27,0.5529412031173706,0.9668595194816589,0.47058823704719543,1.0369962453842163
28,0.5794117450714111,0.9575837850570679,0.529411792755127,0.9766876101493835
29,0.5852941274642944,0.944210410118103,0.48235294222831726,1.0120173692703247
30,0.5794117450714111,0.9596685171127319,0.5647059082984924,0.9576539397239685
31,0.591176450252533,0.9394065141677856,0.5490196347236633,0.9836524128913879
32,0.591176450252533,0.92732173204422,0.5529412031173706,0.9508626461029053
33,0.6009804010391235,0.9136398434638977,0.5568627715110779,0.9457785487174988
34,0.6029411554336548,0.908416748046875,0.5098039507865906,0.9542235732078552
35,0.6117647290229797,0.9011998772621155,0.572549045085907,0.9568458795547485
36,0.593137264251709,0.925136148929596,0.5647059082984924,0.9913924336433411
37,0.6294117569923401,0.8810826539993286,0.5529412031173706,0.9509855508804321
38,0.615686297416687,0.8727522492408752,0.5490196347236633,1.001070261001587
39,0.593137264251709,0.9176421761512756,0.5372549295425415,1.0537703037261963
40,0.6303921341896057,0.8777906894683838,0.5490196347236633,0.9695743918418884
41,0.6313725709915161,0.862181544303894,0.5647059082984924,1.0162749290466309
42,0.6313725709915161,0.8762298226356506,0.5607843399047852,1.008711338043213
43,0.6019607782363892,0.878418505191803,0.5176470875740051,0.9801788926124573
44,0.6196078658103943,0.8820191621780396,0.5411764979362488,1.0014281272888184
45,0.6225489974021912,0.8459183573722839,0.5882353186607361,1.0096509456634521
46,0.6519607901573181,0.8416591882705688,0.5882353186607361,1.0002695322036743
47,0.6401960849761963,0.8331405520439148,0.529411792755127,0.9976919293403625
48,0.6647058725357056,0.8278089165687561,0.5803921818733215,0.9785053730010986
49,0.6509804129600525,0.8439198136329651,0.5960784554481506,0.9383068680763245
50,0.6637254953384399,0.7978262305259705,0.5764706134796143,0.9363899230957031
51,0.6539215445518494,0.8039636611938477,0.5882353186607361,0.9534888863563538
52,0.6549019813537598,0.7909273505210876,0.5764706134796143,0.9901625514030457
53,0.6754902005195618,0.794191300868988,0.5568627715110779,0.9989267587661743
54,0.6598039269447327,0.8164478540420532,0.5647059082984924,1.008166790008545
55,0.6431372761726379,0.8130045533180237,0.5529412031173706,0.9292994141578674
56,0.677450954914093,0.7700198888778687,0.5764706134796143,0.9785646796226501
57,0.6686274409294128,0.7774025201797485,0.572549045085907,0.9572271704673767
58,0.6735293865203857,0.7496389746665955,0.5568627715110779,1.0064141750335693
59,0.7009803652763367,0.7446885108947754,0.5843137502670288,0.9255272746086121
60,0.720588207244873,0.6783620715141296,0.5882353186607361,0.8942594528198242
61,0.7137255072593689,0.7040079236030579,0.6000000238418579,0.926045298576355
62,0.727450966835022,0.6678389310836792,0.5921568870544434,0.9790504574775696
63,0.7235293984413147,0.6781882047653198,0.615686297416687,1.001954436302185
64,0.6745098233222961,0.7653878927230835,0.5686274766921997,0.9283027052879333
65,0.7078431248664856,0.7018463015556335,0.6196078658103943,0.9229793548583984
66,0.7225490212440491,0.697018563747406,0.5960784554481506,0.9907665252685547
67,0.7235293984413147,0.6532627940177917,0.6196078658103943,0.9487892985343933
68,0.7127450704574585,0.6734204888343811,0.6117647290229797,1.0073226690292358
69,0.7127450704574585,0.7103065848350525,0.6235294342041016,1.033422589302063
70,0.7137255072593689,0.6949200630187988,0.5882353186607361,1.0303313732147217
71,0.7147058844566345,0.6781480312347412,0.6000000238418579,1.063063621520996
72,0.704901933670044,0.6982216238975525,0.5960784554481506,1.0609400272369385
73,0.7313725352287292,0.6723567247390747,0.5960784554481506,1.0669071674346924
74,0.7235293984413147,0.6580978035926819,0.6431372761726379,0.9404044151306152
75,0.7107843160629272,0.6785600781440735,0.6313725709915161,0.9694017767906189
76,0.7186274528503418,0.6615523099899292,0.5764706134796143,1.0813347101211548
77,0.7470588088035583,0.6694533824920654,0.5647059082984924,1.022695541381836
78,0.7313725352287292,0.6562207341194153,0.6196078658103943,1.0332272052764893
79,0.7450980544090271,0.6452210545539856,0.6117647290229797,0.9922102689743042
80,0.7441176176071167,0.6115695238113403,0.6117647290229797,1.0690076351165771
81,0.7460784316062927,0.6228740215301514,0.6000000238418579,1.0408121347427368
82,0.7656862735748291,0.5882897973060608,0.572549045085907,1.1006393432617188
83,0.7392156720161438,0.6275079846382141,0.5960784554481506,1.0910816192626953
84,0.7460784316062927,0.6249221563339233,0.6313725709915161,1.0749574899673462
85,0.7627450823783875,0.6027389764785767,0.5960784554481506,1.2585135698318481
86,0.7450980544090271,0.6455785036087036,0.6039215922355652,1.0263097286224365
87,0.7411764860153198,0.6213896870613098,0.5921568870544434,1.0796400308609009
88,0.7470588088035583,0.602292537689209,0.6117647290229797,0.9918445348739624
89,0.7647058963775635,0.6039198040962219,0.6274510025978088,1.0451807975769043
